N,p,realization,seed,number_of_shortcuts,total_spikes,mean_firing_rate,runtime_seconds
1000,0.0,0,0,0,1000,0.0005025125628140704,5.634872400085442
1000,0.0,1,1,0,1000,0.0005025125628140704,5.495787000050768
1000,0.0,2,2,0,1000,0.0005025125628140704,5.631115399999544
1000,0.0,3,3,0,1000,0.0005025125628140704,5.938537700101733
1000,0.0,4,4,0,1000,0.0005025125628140704,5.349225500016473
1000,0.0,5,5,0,1000,0.0005025125628140704,5.399608299951069
1000,0.0,6,6,0,1000,0.0005025125628140704,5.835043600061908
1000,0.0,7,7,0,1000,0.0005025125628140704,5.448362999944948
1000,0.0,8,8,0,1000,0.0005025125628140704,5.642464000033215
1000,0.0,9,9,0,1000,0.0005025125628140704,5.941086399951018
1000,0.05,0,500000,50,55453,0.027865829145728643,6.052979500032961
1000,0.05,1,500001,50,63479,0.03189899497487437,5.860666999942623
1000,0.05,2,500002,50,63119,0.03171809045226131,5.784775000065565
1000,0.05,3,500003,50,60586,0.030445226130653265,5.7236118000000715
1000,0.05,4,500004,50,65321,0.03282462311557789,6.5132337000686675
1000,0.05,5,500005,50,57280,0.02878391959798995,5.675335200037807
1000,0.05,6,500006,50,60095,0.030198492462311557,5.696390699944459
1000,0.05,7,500007,50,55801,0.02804070351758794,6.381890600081533
1000,0.05,8,500008,50,67161,0.03374924623115578,6.7395136000122875
1000,0.05,9,500009,50,67037,0.033686934673366836,5.833440899965353
1000,0.1,0,1000000,100,55942,0.028111557788944724,6.0860406999709085
1000,0.1,1,1000001,100,66926,0.03363115577889447,5.786414899979718
1000,0.1,2,1000002,100,65002,0.0326643216080402,5.446076499996707
1000,0.1,3,1000003,100,62139,0.031225628140703517,5.425152600044385
1000,0.1,4,1000004,100,63291,0.03180452261306533,5.932782100047916
1000,0.1,5,1000005,100,61220,0.030763819095477388,5.971467999974266
1000,0.1,6,1000006,100,65772,0.03305125628140704,5.612969700014219
1000,0.1,7,1000007,100,64319,0.03232110552763819,5.7412976999767125
1000,0.1,8,1000008,100,69483,0.03491608040201005,6.372928200056776
1000,0.1,9,1000009,100,72681,0.036523115577889446,6.3636853999923915
1000,0.15000000000000002,0,1500000,150,1003,0.0005040201005025126,5.867452999926172
1000,0.15000000000000002,1,1500001,150,1000,0.0005025125628140704,5.322391099995002
1000,0.15000000000000002,2,1500002,150,1004,0.0005045226130653267,5.474431000067852
1000,0.15000000000000002,3,1500003,150,68141,0.03424170854271357,5.761469700024463
1000,0.15000000000000002,4,1500004,150,70167,0.035259798994974875,5.631107700057328
1000,0.15000000000000002,5,1500005,150,67627,0.03398341708542713,5.6410535998875275
1000,0.15000000000000002,6,1500006,150,1002,0.0005035175879396985,5.378122600028291
1000,0.15000000000000002,7,1500007,150,77236,0.03881206030150754,5.626286599901505
1000,0.15000000000000002,8,1500008,150,76609,0.03849698492462311,5.844365100027062
1000,0.15000000000000002,9,1500009,150,1001,0.0005030150753768844,5.391336699947715
1000,0.2,0,2000000,200,73256,0.036812060301507535,5.913086000015028
1000,0.2,1,2000001,200,1003,0.0005040201005025126,5.415050400071777
1000,0.2,2,2000002,200,1002,0.0005035175879396985,5.596161600085907
1000,0.2,3,2000003,200,1000,0.0005025125628140704,5.355591099942103
1000,0.2,4,2000004,200,1000,0.0005025125628140704,5.383214500034228
1000,0.2,5,2000005,200,1006,0.0005055276381909548,5.583418200025335
1000,0.2,6,2000006,200,1002,0.0005035175879396985,5.401502199936658
1000,0.2,7,2000007,200,1005,0.0005050251256281407,5.370601900038309
1000,0.2,8,2000008,200,1002,0.0005035175879396985,5.428838499938138
1000,0.2,9,2000009,200,1004,0.0005045226130653267,5.443237300030887
1000,0.25,0,2500000,250,1004,0.0005045226130653267,5.50378999998793
1000,0.25,1,2500001,250,1005,0.0005050251256281407,5.407648800057359
1000,0.25,2,2500002,250,1002,0.0005035175879396985,5.410107200033963
1000,0.25,3,2500003,250,1003,0.0005040201005025126,5.602249899995513
1000,0.25,4,2500004,250,1001,0.0005030150753768844,5.546108299982734
1000,0.25,5,2500005,250,1003,0.0005040201005025126,5.642632500035688
1000,0.25,6,2500006,250,1007,0.0005060301507537688,6.254626299953088
1000,0.25,7,2500007,250,1002,0.0005035175879396985,5.795170099940151
1000,0.25,8,2500008,250,1000,0.0005025125628140704,5.874517199932598
1000,0.25,9,2500009,250,1002,0.0005035175879396985,5.6323964999755844
1000,0.30000000000000004,0,3000000,300,1006,0.0005055276381909548,6.441281700041145
1000,0.30000000000000004,1,3000001,300,1007,0.0005060301507537688,5.829734199913219
1000,0.30000000000000004,2,3000002,300,1001,0.0005030150753768844,5.732745599932969
1000,0.30000000000000004,3,3000003,300,64097,0.032209547738693466,6.181872799992561
1000,0.30000000000000004,4,3000004,300,1005,0.0005050251256281407,5.933736300095916
1000,0.30000000000000004,5,3000005,300,1013,0.0005090452261306532,6.844409800018184
1000,0.30000000000000004,6,3000006,300,1002,0.0005035175879396985,5.959344899980351
1000,0.30000000000000004,7,3000007,300,1005,0.0005050251256281407,5.91345650004223
1000,0.30000000000000004,8,3000008,300,1007,0.0005060301507537688,6.065519700059667
1000,0.30000000000000004,9,3000009,300,1005,0.0005050251256281407,5.951156200026162
1000,0.35000000000000003,0,3500000,350,1005,0.0005050251256281407,6.243611399899237
1000,0.35000000000000003,1,3500001,350,1005,0.0005050251256281407,6.984703999944031
1000,0.35000000000000003,2,3500002,350,1003,0.0005040201005025126,5.9127384999301285
1000,0.35000000000000003,3,3500003,350,1005,0.0005050251256281407,7.478788299951702
1000,0.35000000000000003,4,3500004,350,1005,0.0005050251256281407,5.901012700051069
1000,0.35000000000000003,5,3500005,350,1003,0.0005040201005025126,5.907036900054663
1000,0.35000000000000003,6,3500006,350,1010,0.0005075376884422111,6.0941901000915095
1000,0.35000000000000003,7,3500007,350,1004,0.0005045226130653267,5.541136699961498
1000,0.35000000000000003,8,3500008,350,1005,0.0005050251256281407,6.708085900056176
1000,0.35000000000000003,9,3500009,350,1002,0.0005035175879396985,6.318394700065255
1000,0.4,0,4000000,400,1007,0.0005060301507537688,6.757315700058825
1000,0.4,1,4000001,400,1004,0.0005045226130653267,6.602965399972163
1000,0.4,2,4000002,400,1007,0.0005060301507537688,5.890257199993357
1000,0.4,3,4000003,400,1005,0.0005050251256281407,5.5331562999635935
1000,0.4,4,4000004,400,1003,0.0005040201005025126,5.7834500999888405
1000,0.4,5,4000005,400,1005,0.0005050251256281407,5.64466959994752
1000,0.4,6,4000006,400,1007,0.0005060301507537688,5.873114799964242
1000,0.4,7,4000007,400,1000,0.0005025125628140704,5.737414299976081
1000,0.4,8,4000008,400,1009,0.000507035175879397,5.930332400021143
1000,0.4,9,4000009,400,1005,0.0005050251256281407,6.098837000085041
1000,0.45,0,4500000,450,1006,0.0005055276381909548,6.062684000004083
1000,0.45,1,4500001,450,1007,0.0005060301507537688,6.051292699994519
1000,0.45,2,4500002,450,1007,0.0005060301507537688,5.867389800027013
1000,0.45,3,4500003,450,1002,0.0005035175879396985,5.827829199959524
1000,0.45,4,4500004,450,1005,0.0005050251256281407,5.778904700069688
1000,0.45,5,4500005,450,1005,0.0005050251256281407,6.260865499963984
1000,0.45,6,4500006,450,1006,0.0005055276381909548,6.164812800008804
1000,0.45,7,4500007,450,1003,0.0005040201005025126,5.784829800017178
1000,0.45,8,4500008,450,1008,0.0005065326633165829,5.802054999978282
1000,0.45,9,4500009,450,1005,0.0005050251256281407,5.7475130000384524
1000,0.5,0,5000000,500,1006,0.0005055276381909548,6.006999999983236
1000,0.5,1,5000001,500,1007,0.0005060301507537688,6.109194400021806
1000,0.5,2,5000002,500,1008,0.0005065326633165829,5.77976510010194
1000,0.5,3,5000003,500,1006,0.0005055276381909548,5.795800100080669
1000,0.5,4,5000004,500,1007,0.0005060301507537688,6.165608200011775
1000,0.5,5,5000005,500,1012,0.0005085427135678392,5.748827499919571
1000,0.5,6,5000006,500,1004,0.0005045226130653267,6.047992900013924
1000,0.5,7,5000007,500,1009,0.000507035175879397,6.380852700094692
1000,0.5,8,5000008,500,1012,0.0005085427135678392,5.825254299910739
1000,0.5,9,5000009,500,1009,0.000507035175879397,5.81028060009703
1000,0.55,0,5500000,550,1016,0.0005105527638190955,6.763644599937834
1000,0.55,1,5500001,550,1013,0.0005090452261306532,5.8540273000253364
1000,0.55,2,5500002,550,1021,0.0005130653266331659,5.81681510002818
1000,0.55,3,5500003,550,1009,0.000507035175879397,5.716320600011386
1000,0.55,4,5500004,550,1009,0.000507035175879397,5.711840800009668
1000,0.55,5,5500005,550,1007,0.0005060301507537688,5.750681099947542
1000,0.55,6,5500006,550,1008,0.0005065326633165829,7.112526900018565
1000,0.55,7,5500007,550,1009,0.000507035175879397,5.6575532999122515
1000,0.55,8,5500008,550,1013,0.0005090452261306532,5.815442000050098
1000,0.55,9,5500009,550,1012,0.0005085427135678392,6.36876880005002
1000,0.6000000000000001,0,6000000,600,1013,0.0005090452261306532,5.764940800028853
1000,0.6000000000000001,1,6000001,600,1022,0.0005135678391959799,7.956786699942313
1000,0.6000000000000001,2,6000002,600,1015,0.0005100502512562814,7.094527299981564
1000,0.6000000000000001,3,6000003,600,1007,0.0005060301507537688,6.665701799909584
1000,0.6000000000000001,4,6000004,600,1015,0.0005100502512562814,7.520115999970585
1000,0.6000000000000001,5,6000005,600,1004,0.0005045226130653267,6.280427600024268
1000,0.6000000000000001,6,6000006,600,1008,0.0005065326633165829,6.279417800018564
1000,0.6000000000000001,7,6000007,600,1009,0.000507035175879397,7.059680699952878
1000,0.6000000000000001,8,6000008,600,1011,0.0005080402010050251,6.519374000024982
1000,0.6000000000000001,9,6000009,600,1017,0.0005110552763819095,6.61596379999537
1000,0.65,0,6500000,650,1025,0.0005150753768844221,6.750953900045715
1000,0.65,1,6500001,650,1018,0.0005115577889447236,7.613180799991824
1000,0.65,2,6500002,650,1017,0.0005110552763819095,6.201359700062312
1000,0.65,3,6500003,650,1020,0.0005125628140703518,6.43725540000014
1000,0.65,4,6500004,650,1018,0.0005115577889447236,6.524609200074337
1000,0.65,5,6500005,650,1022,0.0005135678391959799,6.404994199983776
1000,0.65,6,6500006,650,1014,0.0005095477386934673,6.4317391000222415
1000,0.65,7,6500007,650,1011,0.0005080402010050251,5.911976900068112
1000,0.65,8,6500008,650,1023,0.000514070351758794,6.07153100008145
1000,0.65,9,6500009,650,1010,0.0005075376884422111,6.318663100013509
1000,0.7000000000000001,0,7000000,700,1014,0.0005095477386934673,6.247376900049858
1000,0.7000000000000001,1,7000001,700,1016,0.0005105527638190955,6.240577100077644
1000,0.7000000000000001,2,7000002,700,1031,0.0005180904522613066,7.077224400010891
1000,0.7000000000000001,3,7000003,700,1015,0.0005100502512562814,5.586561199976131
1000,0.7000000000000001,4,7000004,700,1015,0.0005100502512562814,7.2567176999291405
1000,0.7000000000000001,5,7000005,700,1019,0.0005120603015075377,7.878722700057551
1000,0.7000000000000001,6,7000006,700,1014,0.0005095477386934673,9.087835000013001
1000,0.7000000000000001,7,7000007,700,1014,0.0005095477386934673,7.337327299988829
1000,0.7000000000000001,8,7000008,700,1019,0.0005120603015075377,7.316231900011189
1000,0.7000000000000001,9,7000009,700,1016,0.0005105527638190955,5.5179968000156805
1000,0.75,0,7500000,750,1016,0.0005105527638190955,9.024412500089966
1000,0.75,1,7500001,750,1019,0.0005120603015075377,8.647939599934034
1000,0.75,2,7500002,750,1019,0.0005120603015075377,5.4681680999929085
1000,0.75,3,7500003,750,1022,0.0005135678391959799,8.549531699973159
1000,0.75,4,7500004,750,1029,0.0005170854271356784,5.743578199995682
1000,0.75,5,7500005,750,1045,0.0005251256281407035,5.8523736000061035
1000,0.75,6,7500006,750,1021,0.0005130653266331659,6.300662499968894
1000,0.75,7,7500007,750,1022,0.0005135678391959799,6.2549537000013515
1000,0.75,8,7500008,750,1033,0.0005190954773869347,5.975406400044449
1000,0.75,9,7500009,750,1017,0.0005110552763819095,5.960400899988599
1000,0.8,0,8000000,800,1020,0.0005125628140703518,6.197889699949883
1000,0.8,1,8000001,800,1026,0.0005155778894472362,6.003541500074789
1000,0.8,2,8000002,800,1030,0.0005175879396984924,7.53977659996599
1000,0.8,3,8000003,800,1032,0.0005185929648241206,8.472070000017993
1000,0.8,4,8000004,800,1016,0.0005105527638190955,8.582280400092714
1000,0.8,5,8000005,800,1034,0.0005195979899497487,6.419641200103797
1000,0.8,6,8000006,800,1023,0.000514070351758794,6.646946500055492
1000,0.8,7,8000007,800,1028,0.0005165829145728643,6.794673399999738
1000,0.8,8,8000008,800,1029,0.0005170854271356784,6.727876099990681
1000,0.8,9,8000009,800,1016,0.0005105527638190955,6.32527959998697
1000,0.8500000000000001,0,8500000,850,1028,0.0005165829145728643,7.845538299996406
1000,0.8500000000000001,1,8500001,850,1043,0.0005241206030150754,7.725068200030364
1000,0.8500000000000001,2,8500002,850,1012,0.0005085427135678392,6.333411899977364
1000,0.8500000000000001,3,8500003,850,1024,0.000514572864321608,5.905821199994534
1000,0.8500000000000001,4,8500004,850,1046,0.0005256281407035176,5.877128100022674
1000,0.8500000000000001,5,8500005,850,1051,0.0005281407035175879,5.964731200016104
1000,0.8500000000000001,6,8500006,850,1036,0.0005206030150753768,6.594717999920249
1000,0.8500000000000001,7,8500007,850,1048,0.0005266331658291458,7.2338919000467286
1000,0.8500000000000001,8,8500008,850,1038,0.0005216080402010051,7.790253999992274
1000,0.8500000000000001,9,8500009,850,1036,0.0005206030150753768,6.15043510007672
1000,0.9,0,9000000,900,1035,0.0005201005025125628,7.006108099943958
1000,0.9,1,9000001,900,1032,0.0005185929648241206,8.587289600051008
1000,0.9,2,9000002,900,1039,0.0005221105527638191,7.0013656000373885
1000,0.9,3,9000003,900,1031,0.0005180904522613066,7.831506400019862
1000,0.9,4,9000004,900,1026,0.0005155778894472362,7.787699399981648
1000,0.9,5,9000005,900,1045,0.0005251256281407035,6.382345699938014
1000,0.9,6,9000006,900,1028,0.0005165829145728643,6.307210300001316
1000,0.9,7,9000007,900,1042,0.0005236180904522613,6.303090799949132
1000,0.9,8,9000008,900,1038,0.0005216080402010051,6.3930240999907255
1000,0.9,9,9000009,900,1051,0.0005281407035175879,6.1084082999732345
1000,0.9500000000000001,0,9500000,950,1037,0.000521105527638191,6.275834199972451
1000,0.9500000000000001,1,9500001,950,1025,0.0005150753768844221,7.226414499920793
1000,0.9500000000000001,2,9500002,950,1048,0.0005266331658291458,6.065142499981448
1000,0.9500000000000001,3,9500003,950,1056,0.0005306532663316583,6.139648500015028
1000,0.9500000000000001,4,9500004,950,1061,0.0005331658291457287,6.583524700021371
1000,0.9500000000000001,5,9500005,950,1031,0.0005180904522613066,6.120466100051999
1000,0.9500000000000001,6,9500006,950,1045,0.0005251256281407035,6.123401600052603
1000,0.9500000000000001,7,9500007,950,1024,0.000514572864321608,6.196199199999683
1000,0.9500000000000001,8,9500008,950,1029,0.0005170854271356784,5.832425200031139
1000,0.9500000000000001,9,9500009,950,1054,0.0005296482412060302,6.249447799986228
1000,1.0,0,10000000,1000,1025,0.0005150753768844221,5.910132099990733
1000,1.0,1,10000001,1000,1020,0.0005125628140703518,6.035134699894115
1000,1.0,2,10000002,1000,1052,0.000528643216080402,5.298244400066324
1000,1.0,3,10000003,1000,1049,0.0005271356783919598,5.471917400020175
1000,1.0,4,10000004,1000,1034,0.0005195979899497487,5.106164800003171
1000,1.0,5,10000005,1000,1054,0.0005296482412060302,4.768473000032827
1000,1.0,6,10000006,1000,1035,0.0005201005025125628,4.490756499930285
1000,1.0,7,10000007,1000,1058,0.0005316582914572864,4.474279799964279
1000,1.0,8,10000008,1000,1033,0.0005190954773869347,4.487487000063993
1000,1.0,9,10000009,1000,1027,0.0005160804020100503,4.143301399890333
