p,seed,N,number_of_shortcuts,status,total_spikes,last_spike_time,persistence_duration,spikes_in_final_window
0.0,0,100,0,FAILURE,100,60.0,50.0,0
0.0,1,100,0,FAILURE,100,60.0,50.0,0
0.0,2,100,0,FAILURE,100,60.0,50.0,0
0.0,3,100,0,FAILURE,100,60.0,50.0,0
0.0,4,100,0,FAILURE,100,60.0,50.0,0
0.0,5,100,0,FAILURE,100,60.0,50.0,0
0.0,6,100,0,FAILURE,100,60.0,50.0,0
0.0,7,100,0,FAILURE,100,60.0,50.0,0
0.0,8,100,0,FAILURE,100,60.0,50.0,0
0.0,9,100,0,FAILURE,100,60.0,50.0,0
0.0,10,100,0,FAILURE,100,60.0,50.0,0
0.0,11,100,0,FAILURE,100,60.0,50.0,0
0.0,12,100,0,FAILURE,100,60.0,50.0,0
0.0,13,100,0,FAILURE,100,60.0,50.0,0
0.0,14,100,0,FAILURE,100,60.0,50.0,0
0.0,15,100,0,FAILURE,100,60.0,50.0,0
0.0,16,100,0,FAILURE,100,60.0,50.0,0
0.0,17,100,0,FAILURE,100,60.0,50.0,0
0.0,18,100,0,FAILURE,100,60.0,50.0,0
0.0,19,100,0,FAILURE,100,60.0,50.0,0
0.0,20,100,0,FAILURE,100,60.0,50.0,0
0.0,21,100,0,FAILURE,100,60.0,50.0,0
0.0,22,100,0,FAILURE,100,60.0,50.0,0
0.0,23,100,0,FAILURE,100,60.0,50.0,0
0.0,24,100,0,FAILURE,100,60.0,50.0,0
0.0,25,100,0,FAILURE,100,60.0,50.0,0
0.0,26,100,0,FAILURE,100,60.0,50.0,0
0.0,27,100,0,FAILURE,100,60.0,50.0,0
0.0,28,100,0,FAILURE,100,60.0,50.0,0
0.0,29,100,0,FAILURE,100,60.0,50.0,0
0.0,30,100,0,FAILURE,100,60.0,50.0,0
0.0,31,100,0,FAILURE,100,60.0,50.0,0
0.0,32,100,0,FAILURE,100,60.0,50.0,0
0.0,33,100,0,FAILURE,100,60.0,50.0,0
0.0,34,100,0,FAILURE,100,60.0,50.0,0
0.0,35,100,0,FAILURE,100,60.0,50.0,0
0.0,36,100,0,FAILURE,100,60.0,50.0,0
0.0,37,100,0,FAILURE,100,60.0,50.0,0
0.0,38,100,0,FAILURE,100,60.0,50.0,0
0.0,39,100,0,FAILURE,100,60.0,50.0,0
0.0,40,100,0,FAILURE,100,60.0,50.0,0
0.0,41,100,0,FAILURE,100,60.0,50.0,0
0.0,42,100,0,FAILURE,100,60.0,50.0,0
0.0,43,100,0,FAILURE,100,60.0,50.0,0
0.0,44,100,0,FAILURE,100,60.0,50.0,0
0.0,45,100,0,FAILURE,100,60.0,50.0,0
0.0,46,100,0,FAILURE,100,60.0,50.0,0
0.0,47,100,0,FAILURE,100,60.0,50.0,0
0.0,48,100,0,FAILURE,100,60.0,50.0,0
0.0,49,100,0,FAILURE,100,60.0,50.0,0
0.02,0,100,2,FAILURE,100,49.0,39.0,0
0.02,1,100,2,FAILURE,100,50.0,40.0,0
0.02,2,100,2,FAILURE,100,60.0,50.0,0
0.02,3,100,2,FAILURE,100,55.0,45.0,0
0.02,4,100,2,SUCCESS,631,200.0,190.0,81
0.02,5,100,2,FAILURE,101,54.0,44.0,0
0.02,6,100,2,FAILURE,100,53.0,43.0,0
0.02,7,100,2,FAILURE,100,50.0,40.0,0
0.02,8,100,2,FAILURE,100,50.0,40.0,0
0.02,9,100,2,FAILURE,100,44.0,34.0,0
0.02,10,100,2,FAILURE,100,49.0,39.0,0
0.02,11,100,2,SUCCESS,608,200.0,190.0,77
0.02,12,100,2,FAILURE,100,52.0,42.0,0
0.02,13,100,2,FAILURE,100,58.0,48.0,0
0.02,14,100,2,FAILURE,100,60.0,50.0,0
0.02,15,100,2,FAILURE,100,55.0,45.0,0
0.02,16,100,2,FAILURE,100,59.0,49.0,0
0.02,17,100,2,FAILURE,100,55.0,45.0,0
0.02,18,100,2,SUCCESS,486,200.0,190.0,55
0.02,19,100,2,FAILURE,100,47.0,37.0,0
0.02,20,100,2,FAILURE,100,60.0,50.0,0
0.02,21,100,2,FAILURE,100,56.0,46.0,0
0.02,22,100,2,FAILURE,100,52.0,42.0,0
0.02,23,100,2,SUCCESS,480,200.0,190.0,47
0.02,24,100,2,FAILURE,100,58.0,48.0,0
0.02,25,100,2,FAILURE,100,43.0,33.0,0
0.02,26,100,2,SUCCESS,501,200.0,190.0,45
0.02,27,100,2,SUCCESS,510,200.0,190.0,65
0.02,28,100,2,FAILURE,100,51.0,41.0,0
0.02,29,100,2,FAILURE,100,59.0,49.0,0
0.02,30,100,2,FAILURE,100,60.0,50.0,0
0.02,31,100,2,FAILURE,100,33.0,23.0,0
0.02,32,100,2,SUCCESS,606,200.0,190.0,71
0.02,33,100,2,SUCCESS,476,200.0,190.0,42
0.02,34,100,2,FAILURE,100,57.0,47.0,0
0.02,35,100,2,SUCCESS,498,200.0,190.0,53
0.02,36,100,2,FAILURE,100,49.0,39.0,0
0.02,37,100,2,FAILURE,100,59.0,49.0,0
0.02,38,100,2,FAILURE,100,56.0,46.0,0
0.02,39,100,2,SUCCESS,592,200.0,190.0,62
0.02,40,100,2,SUCCESS,533,200.0,190.0,74
0.02,41,100,2,FAILURE,100,46.0,36.0,0
0.02,42,100,2,FAILURE,100,60.0,50.0,0
0.02,43,100,2,FAILURE,100,38.0,28.0,0
0.02,44,100,2,FAILURE,100,49.0,39.0,0
0.02,45,100,2,SUCCESS,486,200.0,190.0,49
0.02,46,100,2,FAILURE,100,40.0,30.0,0
0.02,47,100,2,SUCCESS,498,200.0,190.0,55
0.02,48,100,2,SUCCESS,654,200.0,190.0,87
0.02,49,100,2,SUCCESS,611,200.0,190.0,82
0.04,0,100,4,FAILURE,100,40.0,30.0,0
0.04,1,100,4,FAILURE,100,50.0,40.0,0
0.04,2,100,4,FAILURE,100,32.0,22.0,0
0.04,3,100,4,SUCCESS,617,200.0,190.0,84
0.04,4,100,4,SUCCESS,631,200.0,190.0,80
0.04,5,100,4,FAILURE,101,51.0,41.0,0
0.04,6,100,4,SUCCESS,445,200.0,190.0,56
0.04,7,100,4,FAILURE,100,43.0,33.0,0
0.04,8,100,4,FAILURE,100,50.0,40.0,0
0.04,9,100,4,FAILURE,100,44.0,34.0,0
0.04,10,100,4,FAILURE,100,42.0,32.0,0
0.04,11,100,4,FAILURE,100,36.0,26.0,0
0.04,12,100,4,FAILURE,100,52.0,42.0,0
0.04,13,100,4,FAILURE,100,58.0,48.0,0
0.04,14,100,4,FAILURE,100,50.0,40.0,0
0.04,15,100,4,FAILURE,100,48.0,38.0,0
0.04,16,100,4,FAILURE,100,51.0,41.0,0
0.04,17,100,4,FAILURE,100,55.0,45.0,0
0.04,18,100,4,FAILURE,100,46.0,36.0,0
0.04,19,100,4,FAILURE,100,39.0,29.0,0
0.04,20,100,4,SUCCESS,634,200.0,190.0,81
0.04,21,100,4,FAILURE,100,40.0,30.0,0
0.04,22,100,4,FAILURE,100,52.0,42.0,0
0.04,23,100,4,FAILURE,100,43.0,33.0,0
0.04,24,100,4,SUCCESS,535,200.0,190.0,72
0.04,25,100,4,FAILURE,100,43.0,33.0,0
0.04,26,100,4,SUCCESS,607,200.0,190.0,62
0.04,27,100,4,FAILURE,100,56.0,46.0,0
0.04,28,100,4,FAILURE,100,44.0,34.0,0
0.04,29,100,4,FAILURE,100,56.0,46.0,0
0.04,30,100,4,FAILURE,100,45.0,35.0,0
0.04,31,100,4,FAILURE,100,33.0,23.0,0
0.04,32,100,4,SUCCESS,606,200.0,190.0,68
0.04,33,100,4,SUCCESS,480,200.0,190.0,46
0.04,34,100,4,SUCCESS,577,200.0,190.0,70
0.04,35,100,4,SUCCESS,535,200.0,190.0,52
0.04,36,100,4,FAILURE,100,34.0,24.0,0
0.04,37,100,4,FAILURE,101,50.0,40.0,0
0.04,38,100,4,FAILURE,100,51.0,41.0,0
0.04,39,100,4,SUCCESS,608,200.0,190.0,73
0.04,40,100,4,FAILURE,100,41.0,31.0,0
0.04,41,100,4,FAILURE,100,39.0,29.0,0
0.04,42,100,4,FAILURE,100,46.0,36.0,0
0.04,43,100,4,FAILURE,100,38.0,28.0,0
0.04,44,100,4,FAILURE,100,44.0,34.0,0
0.04,45,100,4,FAILURE,100,49.0,39.0,0
0.04,46,100,4,FAILURE,100,29.0,19.0,0
0.04,47,100,4,SUCCESS,498,200.0,190.0,55
0.04,48,100,4,SUCCESS,667,200.0,190.0,87
0.04,49,100,4,SUCCESS,531,200.0,190.0,67
0.06,0,100,6,FAILURE,100,31.0,21.0,0
0.06,1,100,6,SUCCESS,467,200.0,190.0,43
0.06,2,100,6,FAILURE,100,32.0,22.0,0
0.06,3,100,6,SUCCESS,617,200.0,190.0,84
0.06,4,100,6,SUCCESS,697,200.0,190.0,79
0.06,5,100,6,FAILURE,101,50.0,40.0,0
0.06,6,100,6,FAILURE,100,37.0,27.0,0
0.06,7,100,6,FAILURE,100,43.0,33.0,0
0.06,8,100,6,FAILURE,100,49.0,39.0,0
0.06,9,100,6,FAILURE,100,44.0,34.0,0
0.06,10,100,6,SUCCESS,612,200.0,190.0,60
0.06,11,100,6,FAILURE,100,36.0,26.0,0
0.06,12,100,6,FAILURE,100,46.0,36.0,0
0.06,13,100,6,FAILURE,100,49.0,39.0,0
0.06,14,100,6,SUCCESS,595,200.0,190.0,69
0.06,15,100,6,FAILURE,100,48.0,38.0,0
0.06,16,100,6,FAILURE,100,36.0,26.0,0
0.06,17,100,6,FAILURE,100,52.0,42.0,0
0.06,18,100,6,FAILURE,100,43.0,33.0,0
0.06,19,100,6,FAILURE,100,37.0,27.0,0
0.06,20,100,6,SUCCESS,637,200.0,190.0,69
0.06,21,100,6,FAILURE,100,39.0,29.0,0
0.06,22,100,6,FAILURE,100,45.0,35.0,0
0.06,23,100,6,FAILURE,100,35.0,25.0,0
0.06,24,100,6,SUCCESS,570,200.0,190.0,70
0.06,25,100,6,FAILURE,100,36.0,26.0,0
0.06,26,100,6,SUCCESS,699,200.0,190.0,78
0.06,27,100,6,FAILURE,100,33.0,23.0,0
0.06,28,100,6,FAILURE,100,44.0,34.0,0
0.06,29,100,6,FAILURE,100,45.0,35.0,0
0.06,30,100,6,FAILURE,100,37.0,27.0,0
0.06,31,100,6,FAILURE,100,33.0,23.0,0
0.06,32,100,6,FAILURE,100,38.0,28.0,0
0.06,33,100,6,SUCCESS,494,200.0,190.0,49
0.06,34,100,6,SUCCESS,483,200.0,190.0,43
0.06,35,100,6,FAILURE,100,36.0,26.0,0
0.06,36,100,6,FAILURE,100,34.0,24.0,0
0.06,37,100,6,FAILURE,101,50.0,40.0,0
0.06,38,100,6,FAILURE,100,45.0,35.0,0
0.06,39,100,6,SUCCESS,609,200.0,190.0,75
0.06,40,100,6,FAILURE,100,41.0,31.0,0
0.06,41,100,6,FAILURE,100,39.0,29.0,0
0.06,42,100,6,FAILURE,100,38.0,28.0,0
0.06,43,100,6,FAILURE,100,32.0,22.0,0
0.06,44,100,6,FAILURE,100,36.0,26.0,0
0.06,45,100,6,FAILURE,100,49.0,39.0,0
0.06,46,100,6,FAILURE,100,29.0,19.0,0
0.06,47,100,6,FAILURE,100,42.0,32.0,0
0.06,48,100,6,SUCCESS,667,200.0,190.0,87
0.06,49,100,6,FAILURE,100,35.0,25.0,0
0.08,0,100,8,FAILURE,100,27.0,17.0,0
0.08,1,100,8,FAILURE,100,50.0,40.0,0
0.08,2,100,8,FAILURE,100,32.0,22.0,0
0.08,3,100,8,SUCCESS,625,200.0,190.0,84
0.08,4,100,8,FAILURE,100,34.0,24.0,0
0.08,5,100,8,FAILURE,100,46.0,36.0,0
0.08,6,100,8,FAILURE,100,33.0,23.0,0
0.08,7,100,8,FAILURE,100,29.0,19.0,0
0.08,8,100,8,FAILURE,100,46.0,36.0,0
0.08,9,100,8,FAILURE,100,44.0,34.0,0
0.08,10,100,8,FAILURE,100,30.0,20.0,0
0.08,11,100,8,FAILURE,100,36.0,26.0,0
0.08,12,100,8,FAILURE,100,46.0,36.0,0
0.08,13,100,8,FAILURE,100,49.0,39.0,0
0.08,14,100,8,SUCCESS,595,200.0,190.0,69
0.08,15,100,8,FAILURE,100,42.0,32.0,0
0.08,16,100,8,FAILURE,100,30.0,20.0,0
0.08,17,100,8,SUCCESS,577,200.0,190.0,52
0.08,18,100,8,FAILURE,100,43.0,33.0,0
0.08,19,100,8,FAILURE,100,35.0,25.0,0
0.08,20,100,8,SUCCESS,642,200.0,190.0,63
0.08,21,100,8,FAILURE,100,38.0,28.0,0
0.08,22,100,8,FAILURE,100,39.0,29.0,0
0.08,23,100,8,FAILURE,100,34.0,24.0,0
0.08,24,100,8,FAILURE,100,36.0,26.0,0
0.08,25,100,8,FAILURE,100,26.0,16.0,0
0.08,26,100,8,SUCCESS,699,200.0,190.0,78
0.08,27,100,8,FAILURE,100,30.0,20.0,0
0.08,28,100,8,FAILURE,100,44.0,34.0,0
0.08,29,100,8,FAILURE,100,45.0,35.0,0
0.08,30,100,8,FAILURE,100,37.0,27.0,0
0.08,31,100,8,FAILURE,100,33.0,23.0,0
0.08,32,100,8,FAILURE,100,38.0,28.0,0
0.08,33,100,8,SUCCESS,623,200.0,190.0,78
0.08,34,100,8,SUCCESS,527,200.0,190.0,45
0.08,35,100,8,FAILURE,100,33.0,23.0,0
0.08,36,100,8,FAILURE,100,34.0,24.0,0
0.08,37,100,8,FAILURE,101,50.0,40.0,0
0.08,38,100,8,FAILURE,100,43.0,33.0,0
0.08,39,100,8,FAILURE,100,35.0,25.0,0
0.08,40,100,8,FAILURE,100,41.0,31.0,0
0.08,41,100,8,FAILURE,100,39.0,29.0,0
0.08,42,100,8,FAILURE,100,38.0,28.0,0
0.08,43,100,8,FAILURE,100,31.0,21.0,0
0.08,44,100,8,FAILURE,100,36.0,26.0,0
0.08,45,100,8,FAILURE,100,49.0,39.0,0
0.08,46,100,8,FAILURE,100,28.0,18.0,0
0.08,47,100,8,FAILURE,100,37.0,27.0,0
0.08,48,100,8,SUCCESS,634,200.0,190.0,83
0.08,49,100,8,FAILURE,100,35.0,25.0,0
0.1,0,100,10,FAILURE,100,26.0,16.0,0
0.1,1,100,10,FAILURE,100,50.0,40.0,0
0.1,2,100,10,FAILURE,100,32.0,22.0,0
0.1,3,100,10,SUCCESS,674,200.0,190.0,68
0.1,4,100,10,FAILURE,100,34.0,24.0,0
0.1,5,100,10,FAILURE,100,44.0,34.0,0
0.1,6,100,10,FAILURE,100,33.0,23.0,0
0.1,7,100,10,FAILURE,100,29.0,19.0,0
0.1,8,100,10,FAILURE,100,45.0,35.0,0
0.1,9,100,10,FAILURE,100,37.0,27.0,0
0.1,10,100,10,FAILURE,100,29.0,19.0,0
0.1,11,100,10,FAILURE,100,36.0,26.0,0
0.1,12,100,10,FAILURE,100,33.0,23.0,0
0.1,13,100,10,FAILURE,100,49.0,39.0,0
0.1,14,100,10,SUCCESS,595,200.0,190.0,69
0.1,15,100,10,FAILURE,100,34.0,24.0,0
0.1,16,100,10,FAILURE,100,30.0,20.0,0
0.1,17,100,10,SUCCESS,577,200.0,190.0,51
0.1,18,100,10,FAILURE,100,43.0,33.0,0
0.1,19,100,10,FAILURE,100,33.0,23.0,0
0.1,20,100,10,SUCCESS,642,200.0,190.0,63
0.1,21,100,10,FAILURE,100,33.0,23.0,0
0.1,22,100,10,FAILURE,100,39.0,29.0,0
0.1,23,100,10,FAILURE,100,34.0,24.0,0
0.1,24,100,10,FAILURE,100,36.0,26.0,0
0.1,25,100,10,FAILURE,100,26.0,16.0,0
0.1,26,100,10,SUCCESS,699,200.0,190.0,78
0.1,27,100,10,FAILURE,100,30.0,20.0,0
0.1,28,100,10,FAILURE,100,44.0,34.0,0
0.1,29,100,10,FAILURE,100,42.0,32.0,0
0.1,30,100,10,FAILURE,100,37.0,27.0,0
0.1,31,100,10,FAILURE,100,28.0,18.0,0
0.1,32,100,10,FAILURE,100,31.0,21.0,0
0.1,33,100,10,SUCCESS,627,200.0,190.0,67
0.1,34,100,10,SUCCESS,643,200.0,190.0,64
0.1,35,100,10,FAILURE,100,33.0,23.0,0
0.1,36,100,10,FAILURE,100,34.0,24.0,0
0.1,37,100,10,FAILURE,101,40.0,30.0,0
0.1,38,100,10,FAILURE,103,43.0,33.0,0
0.1,39,100,10,FAILURE,100,34.0,24.0,0
0.1,40,100,10,FAILURE,100,41.0,31.0,0
0.1,41,100,10,FAILURE,100,34.0,24.0,0
0.1,42,100,10,FAILURE,100,30.0,20.0,0
0.1,43,100,10,FAILURE,100,30.0,20.0,0
0.1,44,100,10,FAILURE,100,33.0,23.0,0
0.1,45,100,10,FAILURE,100,48.0,38.0,0
0.1,46,100,10,FAILURE,100,28.0,18.0,0
0.1,47,100,10,FAILURE,100,32.0,22.0,0
0.1,48,100,10,FAILURE,100,43.0,33.0,0
0.1,49,100,10,FAILURE,100,35.0,25.0,0
0.12,0,100,12,FAILURE,100,25.0,15.0,0
0.12,1,100,12,FAILURE,100,50.0,40.0,0
0.12,2,100,12,FAILURE,100,32.0,22.0,0
0.12,3,100,12,SUCCESS,566,200.0,190.0,56
0.12,4,100,12,FAILURE,100,34.0,24.0,0
0.12,5,100,12,FAILURE,100,44.0,34.0,0
0.12,6,100,12,FAILURE,100,32.0,22.0,0
0.12,7,100,12,FAILURE,100,29.0,19.0,0
0.12,8,100,12,FAILURE,100,39.0,29.0,0
0.12,9,100,12,FAILURE,100,37.0,27.0,0
0.12,10,100,12,FAILURE,100,28.0,18.0,0
0.12,11,100,12,FAILURE,100,32.0,22.0,0
0.12,12,100,12,FAILURE,100,33.0,23.0,0
0.12,13,100,12,FAILURE,100,27.0,17.0,0
0.12,14,100,12,SUCCESS,605,200.0,190.0,79
0.12,15,100,12,FAILURE,100,34.0,24.0,0
0.12,16,100,12,FAILURE,100,29.0,19.0,0
0.12,17,100,12,FAILURE,100,46.0,36.0,0
0.12,18,100,12,FAILURE,100,34.0,24.0,0
0.12,19,100,12,FAILURE,100,33.0,23.0,0
0.12,20,100,12,FAILURE,100,34.0,24.0,0
0.12,21,100,12,FAILURE,100,32.0,22.0,0
0.12,22,100,12,FAILURE,100,36.0,26.0,0
0.12,23,100,12,FAILURE,100,28.0,18.0,0
0.12,24,100,12,FAILURE,100,36.0,26.0,0
0.12,25,100,12,FAILURE,100,26.0,16.0,0
0.12,26,100,12,SUCCESS,699,200.0,190.0,78
0.12,27,100,12,FAILURE,100,30.0,20.0,0
0.12,28,100,12,FAILURE,100,35.0,25.0,0
0.12,29,100,12,FAILURE,100,33.0,23.0,0
0.12,30,100,12,FAILURE,100,37.0,27.0,0
0.12,31,100,12,FAILURE,100,28.0,18.0,0
0.12,32,100,12,FAILURE,100,31.0,21.0,0
0.12,33,100,12,FAILURE,100,32.0,22.0,0
0.12,34,100,12,SUCCESS,643,200.0,190.0,64
0.12,35,100,12,FAILURE,100,33.0,23.0,0
0.12,36,100,12,FAILURE,100,34.0,24.0,0
0.12,37,100,12,FAILURE,100,38.0,28.0,0
0.12,38,100,12,FAILURE,103,32.0,22.0,0
0.12,39,100,12,FAILURE,100,29.0,19.0,0
0.12,40,100,12,FAILURE,100,36.0,26.0,0
0.12,41,100,12,FAILURE,100,34.0,24.0,0
0.12,42,100,12,FAILURE,100,24.0,14.0,0
0.12,43,100,12,FAILURE,100,30.0,20.0,0
0.12,44,100,12,FAILURE,100,30.0,20.0,0
0.12,45,100,12,FAILURE,100,48.0,38.0,0
0.12,46,100,12,FAILURE,100,28.0,18.0,0
0.12,47,100,12,FAILURE,100,32.0,22.0,0
0.12,48,100,12,FAILURE,100,43.0,33.0,0
0.12,49,100,12,FAILURE,100,35.0,25.0,0
0.14,0,100,14,FAILURE,100,25.0,15.0,0
0.14,1,100,14,FAILURE,100,34.0,24.0,0
0.14,2,100,14,FAILURE,100,32.0,22.0,0
0.14,3,100,14,SUCCESS,570,200.0,190.0,51
0.14,4,100,14,FAILURE,100,34.0,24.0,0
0.14,5,100,14,FAILURE,100,37.0,27.0,0
0.14,6,100,14,FAILURE,100,26.0,16.0,0
0.14,7,100,14,FAILURE,100,29.0,19.0,0
0.14,8,100,14,FAILURE,100,35.0,25.0,0
0.14,9,100,14,FAILURE,100,37.0,27.0,0
0.14,10,100,14,FAILURE,100,25.0,15.0,0
0.14,11,100,14,FAILURE,100,31.0,21.0,0
0.14,12,100,14,FAILURE,101,33.0,23.0,0
0.14,13,100,14,FAILURE,101,27.0,17.0,0
0.14,14,100,14,SUCCESS,608,200.0,190.0,83
0.14,15,100,14,FAILURE,100,25.0,15.0,0
0.14,16,100,14,FAILURE,100,24.0,14.0,0
0.14,17,100,14,FAILURE,100,39.0,29.0,0
0.14,18,100,14,FAILURE,100,33.0,23.0,0
0.14,19,100,14,FAILURE,100,33.0,23.0,0
0.14,20,100,14,FAILURE,100,34.0,24.0,0
0.14,21,100,14,FAILURE,100,31.0,21.0,0
0.14,22,100,14,FAILURE,100,36.0,26.0,0
0.14,23,100,14,FAILURE,100,28.0,18.0,0
0.14,24,100,14,FAILURE,100,36.0,26.0,0
0.14,25,100,14,FAILURE,100,25.0,15.0,0
0.14,26,100,14,SUCCESS,725,200.0,190.0,77
0.14,27,100,14,FAILURE,100,30.0,20.0,0
0.14,28,100,14,FAILURE,100,35.0,25.0,0
0.14,29,100,14,FAILURE,100,29.0,19.0,0
0.14,30,100,14,FAILURE,100,36.0,26.0,0
0.14,31,100,14,FAILURE,100,25.0,15.0,0
0.14,32,100,14,FAILURE,100,30.0,20.0,0
0.14,33,100,14,FAILURE,100,32.0,22.0,0
0.14,34,100,14,SUCCESS,653,200.0,190.0,71
0.14,35,100,14,FAILURE,100,33.0,23.0,0
0.14,36,100,14,FAILURE,100,31.0,21.0,0
0.14,37,100,14,FAILURE,100,38.0,28.0,0
0.14,38,100,14,FAILURE,103,32.0,22.0,0
0.14,39,100,14,FAILURE,100,27.0,17.0,0
0.14,40,100,14,FAILURE,100,36.0,26.0,0
0.14,41,100,14,FAILURE,100,30.0,20.0,0
0.14,42,100,14,FAILURE,100,24.0,14.0,0
0.14,43,100,14,FAILURE,100,30.0,20.0,0
0.14,44,100,14,FAILURE,100,30.0,20.0,0
0.14,45,100,14,SUCCESS,551,200.0,190.0,84
0.14,46,100,14,FAILURE,100,24.0,14.0,0
0.14,47,100,14,FAILURE,100,32.0,22.0,0
0.14,48,100,14,FAILURE,100,43.0,33.0,0
0.14,49,100,14,FAILURE,100,35.0,25.0,0
0.16,0,100,16,FAILURE,100,24.0,14.0,0
0.16,1,100,16,FAILURE,100,34.0,24.0,0
0.16,2,100,16,FAILURE,100,32.0,22.0,0
0.16,3,100,16,SUCCESS,585,200.0,190.0,62
0.16,4,100,16,FAILURE,100,34.0,24.0,0
0.16,5,100,16,FAILURE,100,37.0,27.0,0
0.16,6,100,16,FAILURE,100,26.0,16.0,0
0.16,7,100,16,FAILURE,100,29.0,19.0,0
0.16,8,100,16,FAILURE,100,35.0,25.0,0
0.16,9,100,16,FAILURE,100,37.0,27.0,0
0.16,10,100,16,FAILURE,100,25.0,15.0,0
0.16,11,100,16,FAILURE,100,31.0,21.0,0
0.16,12,100,16,FAILURE,101,33.0,23.0,0
0.16,13,100,16,FAILURE,101,27.0,17.0,0
0.16,14,100,16,FAILURE,215,83.0,73.0,0
0.16,15,100,16,FAILURE,100,25.0,15.0,0
0.16,16,100,16,FAILURE,100,24.0,14.0,0
0.16,17,100,16,FAILURE,100,34.0,24.0,0
0.16,18,100,16,FAILURE,100,32.0,22.0,0
0.16,19,100,16,FAILURE,100,33.0,23.0,0
0.16,20,100,16,FAILURE,100,28.0,18.0,0
0.16,21,100,16,FAILURE,100,27.0,17.0,0
0.16,22,100,16,FAILURE,100,28.0,18.0,0
0.16,23,100,16,FAILURE,100,28.0,18.0,0
0.16,24,100,16,FAILURE,100,36.0,26.0,0
0.16,25,100,16,FAILURE,100,25.0,15.0,0
0.16,26,100,16,SUCCESS,725,200.0,190.0,77
0.16,27,100,16,FAILURE,100,30.0,20.0,0
0.16,28,100,16,FAILURE,100,35.0,25.0,0
0.16,29,100,16,FAILURE,100,29.0,19.0,0
0.16,30,100,16,FAILURE,100,32.0,22.0,0
0.16,31,100,16,FAILURE,100,25.0,15.0,0
0.16,32,100,16,FAILURE,100,30.0,20.0,0
0.16,33,100,16,FAILURE,100,30.0,20.0,0
0.16,34,100,16,SUCCESS,653,200.0,190.0,71
0.16,35,100,16,FAILURE,100,32.0,22.0,0
0.16,36,100,16,FAILURE,100,28.0,18.0,0
0.16,37,100,16,FAILURE,102,35.0,25.0,0
0.16,38,100,16,FAILURE,103,32.0,22.0,0
0.16,39,100,16,FAILURE,100,27.0,17.0,0
0.16,40,100,16,FAILURE,100,29.0,19.0,0
0.16,41,100,16,FAILURE,100,30.0,20.0,0
0.16,42,100,16,FAILURE,100,21.0,11.0,0
0.16,43,100,16,FAILURE,100,28.0,18.0,0
0.16,44,100,16,FAILURE,100,27.0,17.0,0
0.16,45,100,16,FAILURE,100,40.0,30.0,0
0.16,46,100,16,FAILURE,100,24.0,14.0,0
0.16,47,100,16,FAILURE,100,32.0,22.0,0
0.16,48,100,16,FAILURE,100,43.0,33.0,0
0.16,49,100,16,FAILURE,100,35.0,25.0,0
0.18,0,100,18,FAILURE,100,24.0,14.0,0
0.18,1,100,18,FAILURE,100,31.0,21.0,0
0.18,2,100,18,FAILURE,100,32.0,22.0,0
0.18,3,100,18,SUCCESS,627,200.0,190.0,73
0.18,4,100,18,FAILURE,100,28.0,18.0,0
0.18,5,100,18,FAILURE,100,37.0,27.0,0
0.18,6,100,18,FAILURE,100,25.0,15.0,0
0.18,7,100,18,FAILURE,100,24.0,14.0,0
0.18,8,100,18,FAILURE,100,35.0,25.0,0
0.18,9,100,18,FAILURE,100,30.0,20.0,0
0.18,10,100,18,FAILURE,100,25.0,15.0,0
0.18,11,100,18,FAILURE,100,28.0,18.0,0
0.18,12,100,18,FAILURE,101,33.0,23.0,0
0.18,13,100,18,FAILURE,101,27.0,17.0,0
0.18,14,100,18,SUCCESS,606,200.0,190.0,88
0.18,15,100,18,FAILURE,100,22.0,12.0,0
0.18,16,100,18,FAILURE,100,24.0,14.0,0
0.18,17,100,18,FAILURE,100,34.0,24.0,0
0.18,18,100,18,FAILURE,100,32.0,22.0,0
0.18,19,100,18,FAILURE,103,33.0,23.0,0
0.18,20,100,18,FAILURE,100,28.0,18.0,0
0.18,21,100,18,FAILURE,100,27.0,17.0,0
0.18,22,100,18,FAILURE,100,28.0,18.0,0
0.18,23,100,18,FAILURE,100,27.0,17.0,0
0.18,24,100,18,FAILURE,100,36.0,26.0,0
0.18,25,100,18,FAILURE,100,24.0,14.0,0
0.18,26,100,18,FAILURE,104,35.0,25.0,0
0.18,27,100,18,FAILURE,100,26.0,16.0,0
0.18,28,100,18,FAILURE,100,30.0,20.0,0
0.18,29,100,18,FAILURE,100,29.0,19.0,0
0.18,30,100,18,FAILURE,100,32.0,22.0,0
0.18,31,100,18,FAILURE,100,24.0,14.0,0
0.18,32,100,18,FAILURE,100,26.0,16.0,0
0.18,33,100,18,FAILURE,100,27.0,17.0,0
0.18,34,100,18,FAILURE,100,30.0,20.0,0
0.18,35,100,18,FAILURE,100,32.0,22.0,0
0.18,36,100,18,FAILURE,100,28.0,18.0,0
0.18,37,100,18,FAILURE,102,35.0,25.0,0
0.18,38,100,18,FAILURE,103,32.0,22.0,0
0.18,39,100,18,FAILURE,100,27.0,17.0,0
0.18,40,100,18,FAILURE,100,27.0,17.0,0
0.18,41,100,18,FAILURE,100,28.0,18.0,0
0.18,42,100,18,FAILURE,100,21.0,11.0,0
0.18,43,100,18,FAILURE,100,27.0,17.0,0
0.18,44,100,18,FAILURE,100,26.0,16.0,0
0.18,45,100,18,FAILURE,100,40.0,30.0,0
0.18,46,100,18,FAILURE,100,24.0,14.0,0
0.18,47,100,18,FAILURE,100,30.0,20.0,0
0.18,48,100,18,FAILURE,100,41.0,31.0,0
0.18,49,100,18,FAILURE,100,33.0,23.0,0
0.2,0,100,20,FAILURE,100,24.0,14.0,0
0.2,1,100,20,FAILURE,100,26.0,16.0,0
0.2,2,100,20,FAILURE,100,30.0,20.0,0
0.2,3,100,20,SUCCESS,627,200.0,190.0,73
0.2,4,100,20,FAILURE,100,28.0,18.0,0
0.2,5,100,20,FAILURE,100,36.0,26.0,0
0.2,6,100,20,FAILURE,100,25.0,15.0,0
0.2,7,100,20,FAILURE,100,24.0,14.0,0
0.2,8,100,20,FAILURE,100,35.0,25.0,0
0.2,9,100,20,FAILURE,100,29.0,19.0,0
0.2,10,100,20,FAILURE,100,25.0,15.0,0
0.2,11,100,20,FAILURE,100,28.0,18.0,0
0.2,12,100,20,FAILURE,101,33.0,23.0,0
0.2,13,100,20,FAILURE,101,27.0,17.0,0
0.2,14,100,20,SUCCESS,607,200.0,190.0,75
0.2,15,100,20,FAILURE,100,22.0,12.0,0
0.2,16,100,20,FAILURE,100,24.0,14.0,0
0.2,17,100,20,FAILURE,100,29.0,19.0,0
0.2,18,100,20,FAILURE,100,29.0,19.0,0
0.2,19,100,20,FAILURE,100,33.0,23.0,0
0.2,20,100,20,FAILURE,100,28.0,18.0,0
0.2,21,100,20,FAILURE,100,25.0,15.0,0
0.2,22,100,20,FAILURE,100,27.0,17.0,0
0.2,23,100,20,FAILURE,100,27.0,17.0,0
0.2,24,100,20,FAILURE,100,29.0,19.0,0
0.2,25,100,20,FAILURE,100,24.0,14.0,0
0.2,26,100,20,FAILURE,100,27.0,17.0,0
0.2,27,100,20,FAILURE,100,26.0,16.0,0
0.2,28,100,20,FAILURE,100,30.0,20.0,0
0.2,29,100,20,FAILURE,101,26.0,16.0,0
0.2,30,100,20,FAILURE,100,32.0,22.0,0
0.2,31,100,20,FAILURE,100,23.0,13.0,0
0.2,32,100,20,FAILURE,100,26.0,16.0,0
0.2,33,100,20,FAILURE,100,27.0,17.0,0
0.2,34,100,20,FAILURE,100,30.0,20.0,0
0.2,35,100,20,FAILURE,100,24.0,14.0,0
0.2,36,100,20,FAILURE,100,28.0,18.0,0
0.2,37,100,20,FAILURE,102,35.0,25.0,0
0.2,38,100,20,FAILURE,103,31.0,21.0,0
0.2,39,100,20,FAILURE,100,27.0,17.0,0
0.2,40,100,20,FAILURE,100,27.0,17.0,0
0.2,41,100,20,FAILURE,100,26.0,16.0,0
0.2,42,100,20,FAILURE,100,21.0,11.0,0
0.2,43,100,20,FAILURE,100,27.0,17.0,0
0.2,44,100,20,FAILURE,100,26.0,16.0,0
0.2,45,100,20,FAILURE,100,36.0,26.0,0
0.2,46,100,20,FAILURE,100,23.0,13.0,0
0.2,47,100,20,FAILURE,100,30.0,20.0,0
0.2,48,100,20,FAILURE,100,28.0,18.0,0
0.2,49,100,20,FAILURE,100,33.0,23.0,0
0.22,0,100,22,FAILURE,100,22.0,12.0,0
0.22,1,100,22,FAILURE,100,26.0,16.0,0
0.22,2,100,22,FAILURE,100,30.0,20.0,0
0.22,3,100,22,SUCCESS,631,200.0,190.0,79
0.22,4,100,22,FAILURE,100,28.0,18.0,0
0.22,5,100,22,FAILURE,100,36.0,26.0,0
0.22,6,100,22,FAILURE,100,25.0,15.0,0
0.22,7,100,22,FAILURE,100,24.0,14.0,0
0.22,8,100,22,FAILURE,100,28.0,18.0,0
0.22,9,100,22,FAILURE,101,29.0,19.0,0
0.22,10,100,22,FAILURE,101,25.0,15.0,0
0.22,11,100,22,FAILURE,100,28.0,18.0,0
0.22,12,100,22,FAILURE,101,31.0,21.0,0
0.22,13,100,22,FAILURE,101,27.0,17.0,0
0.22,14,100,22,SUCCESS,607,200.0,190.0,75
0.22,15,100,22,FAILURE,100,22.0,12.0,0
0.22,16,100,22,FAILURE,100,22.0,12.0,0
0.22,17,100,22,FAILURE,100,25.0,15.0,0
0.22,18,100,22,FAILURE,100,29.0,19.0,0
0.22,19,100,22,FAILURE,100,32.0,22.0,0
0.22,20,100,22,FAILURE,101,28.0,18.0,0
0.22,21,100,22,FAILURE,100,25.0,15.0,0
0.22,22,100,22,FAILURE,100,27.0,17.0,0
0.22,23,100,22,FAILURE,100,27.0,17.0,0
0.22,24,100,22,FAILURE,100,27.0,17.0,0
0.22,25,100,22,FAILURE,100,24.0,14.0,0
0.22,26,100,22,FAILURE,100,27.0,17.0,0
0.22,27,100,22,FAILURE,100,25.0,15.0,0
0.22,28,100,22,FAILURE,101,30.0,20.0,0
0.22,29,100,22,FAILURE,101,26.0,16.0,0
0.22,30,100,22,FAILURE,101,31.0,21.0,0
0.22,31,100,22,FAILURE,100,23.0,13.0,0
0.22,32,100,22,FAILURE,100,26.0,16.0,0
0.22,33,100,22,FAILURE,100,27.0,17.0,0
0.22,34,100,22,FAILURE,100,30.0,20.0,0
0.22,35,100,22,FAILURE,100,24.0,14.0,0
0.22,36,100,22,FAILURE,100,28.0,18.0,0
0.22,37,100,22,FAILURE,102,32.0,22.0,0
0.22,38,100,22,FAILURE,105,31.0,21.0,0
0.22,39,100,22,FAILURE,100,27.0,17.0,0
0.22,40,100,22,FAILURE,100,26.0,16.0,0
0.22,41,100,22,FAILURE,100,26.0,16.0,0
0.22,42,100,22,FAILURE,100,21.0,11.0,0
0.22,43,100,22,FAILURE,100,27.0,17.0,0
0.22,44,100,22,FAILURE,100,26.0,16.0,0
0.22,45,100,22,FAILURE,100,36.0,26.0,0
0.22,46,100,22,FAILURE,100,22.0,12.0,0
0.22,47,100,22,FAILURE,100,30.0,20.0,0
0.22,48,100,22,FAILURE,100,28.0,18.0,0
0.22,49,100,22,FAILURE,100,33.0,23.0,0
0.24,0,100,24,FAILURE,100,21.0,11.0,0
0.24,1,100,24,FAILURE,100,26.0,16.0,0
0.24,2,100,24,FAILURE,100,30.0,20.0,0
0.24,3,100,24,SUCCESS,631,200.0,190.0,79
0.24,4,100,24,FAILURE,100,28.0,18.0,0
0.24,5,100,24,FAILURE,100,35.0,25.0,0
0.24,6,100,24,FAILURE,100,23.0,13.0,0
0.24,7,100,24,FAILURE,100,24.0,14.0,0
0.24,8,100,24,FAILURE,100,28.0,18.0,0
0.24,9,100,24,FAILURE,101,29.0,19.0,0
0.24,10,100,24,FAILURE,101,25.0,15.0,0
0.24,11,100,24,FAILURE,100,28.0,18.0,0
0.24,12,100,24,FAILURE,101,31.0,21.0,0
0.24,13,100,24,FAILURE,101,27.0,17.0,0
0.24,14,100,24,SUCCESS,699,200.0,190.0,82
0.24,15,100,24,FAILURE,100,22.0,12.0,0
0.24,16,100,24,FAILURE,100,22.0,12.0,0
0.24,17,100,24,FAILURE,100,25.0,15.0,0
0.24,18,100,24,FAILURE,100,29.0,19.0,0
0.24,19,100,24,FAILURE,100,29.0,19.0,0
0.24,20,100,24,FAILURE,101,28.0,18.0,0
0.24,21,100,24,FAILURE,100,25.0,15.0,0
0.24,22,100,24,FAILURE,100,27.0,17.0,0
0.24,23,100,24,FAILURE,100,25.0,15.0,0
0.24,24,100,24,FAILURE,100,27.0,17.0,0
0.24,25,100,24,FAILURE,100,22.0,12.0,0
0.24,26,100,24,FAILURE,100,27.0,17.0,0
0.24,27,100,24,FAILURE,100,25.0,15.0,0
0.24,28,100,24,FAILURE,100,24.0,14.0,0
0.24,29,100,24,FAILURE,101,26.0,16.0,0
0.24,30,100,24,FAILURE,101,25.0,15.0,0
0.24,31,100,24,FAILURE,100,23.0,13.0,0
0.24,32,100,24,FAILURE,100,26.0,16.0,0
0.24,33,100,24,FAILURE,100,27.0,17.0,0
0.24,34,100,24,FAILURE,100,30.0,20.0,0
0.24,35,100,24,FAILURE,100,24.0,14.0,0
0.24,36,100,24,FAILURE,100,24.0,14.0,0
0.24,37,100,24,FAILURE,102,32.0,22.0,0
0.24,38,100,24,FAILURE,105,31.0,21.0,0
0.24,39,100,24,FAILURE,100,25.0,15.0,0
0.24,40,100,24,FAILURE,100,26.0,16.0,0
0.24,41,100,24,FAILURE,100,23.0,13.0,0
0.24,42,100,24,FAILURE,100,21.0,11.0,0
0.24,43,100,24,FAILURE,100,27.0,17.0,0
0.24,44,100,24,FAILURE,100,26.0,16.0,0
0.24,45,100,24,FAILURE,100,36.0,26.0,0
0.24,46,100,24,FAILURE,100,22.0,12.0,0
0.24,47,100,24,FAILURE,102,29.0,19.0,0
0.24,48,100,24,FAILURE,100,28.0,18.0,0
0.24,49,100,24,FAILURE,100,33.0,23.0,0
0.26,0,100,26,FAILURE,100,21.0,11.0,0
0.26,1,100,26,FAILURE,100,26.0,16.0,0
0.26,2,100,26,FAILURE,100,25.0,15.0,0
0.26,3,100,26,FAILURE,112,44.0,34.0,0
0.26,4,100,26,FAILURE,100,28.0,18.0,0
0.26,5,100,26,FAILURE,100,32.0,22.0,0
0.26,6,100,26,FAILURE,100,23.0,13.0,0
0.26,7,100,26,FAILURE,100,24.0,14.0,0
0.26,8,100,26,FAILURE,100,28.0,18.0,0
0.26,9,100,26,FAILURE,101,29.0,19.0,0
0.26,10,100,26,FAILURE,101,25.0,15.0,0
0.26,11,100,26,FAILURE,100,27.0,17.0,0
0.26,12,100,26,FAILURE,101,31.0,21.0,0
0.26,13,100,26,FAILURE,101,27.0,17.0,0
0.26,14,100,26,FAILURE,100,33.0,23.0,0
0.26,15,100,26,FAILURE,100,22.0,12.0,0
0.26,16,100,26,FAILURE,100,22.0,12.0,0
0.26,17,100,26,FAILURE,100,25.0,15.0,0
0.26,18,100,26,FAILURE,100,29.0,19.0,0
0.26,19,100,26,FAILURE,100,27.0,17.0,0
0.26,20,100,26,FAILURE,101,28.0,18.0,0
0.26,21,100,26,FAILURE,100,24.0,14.0,0
0.26,22,100,26,FAILURE,100,27.0,17.0,0
0.26,23,100,26,FAILURE,100,25.0,15.0,0
0.26,24,100,26,FAILURE,100,27.0,17.0,0
0.26,25,100,26,FAILURE,100,22.0,12.0,0
0.26,26,100,26,FAILURE,100,26.0,16.0,0
0.26,27,100,26,FAILURE,100,25.0,15.0,0
0.26,28,100,26,FAILURE,100,22.0,12.0,0
0.26,29,100,26,FAILURE,101,24.0,14.0,0
0.26,30,100,26,FAILURE,101,25.0,15.0,0
0.26,31,100,26,FAILURE,100,23.0,13.0,0
0.26,32,100,26,FAILURE,100,26.0,16.0,0
0.26,33,100,26,FAILURE,100,27.0,17.0,0
0.26,34,100,26,FAILURE,100,30.0,20.0,0
0.26,35,100,26,FAILURE,100,24.0,14.0,0
0.26,36,100,26,FAILURE,100,24.0,14.0,0
0.26,37,100,26,FAILURE,102,29.0,19.0,0
0.26,38,100,26,FAILURE,105,31.0,21.0,0
0.26,39,100,26,FAILURE,100,25.0,15.0,0
0.26,40,100,26,FAILURE,100,26.0,16.0,0
0.26,41,100,26,FAILURE,100,23.0,13.0,0
0.26,42,100,26,FAILURE,100,21.0,11.0,0
0.26,43,100,26,FAILURE,100,23.0,13.0,0
0.26,44,100,26,FAILURE,100,24.0,14.0,0
0.26,45,100,26,FAILURE,100,36.0,26.0,0
0.26,46,100,26,FAILURE,100,22.0,12.0,0
0.26,47,100,26,FAILURE,102,29.0,19.0,0
0.26,48,100,26,FAILURE,100,23.0,13.0,0
0.26,49,100,26,FAILURE,100,33.0,23.0,0
0.28,0,100,28,FAILURE,100,21.0,11.0,0
0.28,1,100,28,FAILURE,100,26.0,16.0,0
0.28,2,100,28,FAILURE,100,25.0,15.0,0
0.28,3,100,28,FAILURE,101,25.0,15.0,0
0.28,4,100,28,FAILURE,100,27.0,17.0,0
0.28,5,100,28,FAILURE,100,29.0,19.0,0
0.28,6,100,28,FAILURE,100,23.0,13.0,0
0.28,7,100,28,FAILURE,101,22.0,12.0,0
0.28,8,100,28,FAILURE,101,28.0,18.0,0
0.28,9,100,28,FAILURE,101,28.0,18.0,0
0.28,10,100,28,FAILURE,100,22.0,12.0,0
0.28,11,100,28,FAILURE,100,27.0,17.0,0
0.28,12,100,28,FAILURE,101,31.0,21.0,0
0.28,13,100,28,FAILURE,101,27.0,17.0,0
0.28,14,100,28,FAILURE,100,31.0,21.0,0
0.28,15,100,28,FAILURE,100,22.0,12.0,0
0.28,16,100,28,FAILURE,100,22.0,12.0,0
0.28,17,100,28,FAILURE,100,25.0,15.0,0
0.28,18,100,28,FAILURE,100,29.0,19.0,0
0.28,19,100,28,FAILURE,100,27.0,17.0,0
0.28,20,100,28,FAILURE,101,28.0,18.0,0
0.28,21,100,28,FAILURE,100,24.0,14.0,0
0.28,22,100,28,FAILURE,100,27.0,17.0,0
0.28,23,100,28,FAILURE,100,24.0,14.0,0
0.28,24,100,28,FAILURE,100,27.0,17.0,0
0.28,25,100,28,FAILURE,100,22.0,12.0,0
0.28,26,100,28,FAILURE,100,26.0,16.0,0
0.28,27,100,28,FAILURE,100,25.0,15.0,0
0.28,28,100,28,FAILURE,100,21.0,11.0,0
0.28,29,100,28,FAILURE,101,24.0,14.0,0
0.28,30,100,28,FAILURE,101,25.0,15.0,0
0.28,31,100,28,FAILURE,100,23.0,13.0,0
0.28,32,100,28,FAILURE,100,25.0,15.0,0
0.28,33,100,28,FAILURE,100,26.0,16.0,0
0.28,34,100,28,FAILURE,100,30.0,20.0,0
0.28,35,100,28,FAILURE,100,24.0,14.0,0
0.28,36,100,28,FAILURE,100,22.0,12.0,0
0.28,37,100,28,FAILURE,102,29.0,19.0,0
0.28,38,100,28,FAILURE,105,31.0,21.0,0
0.28,39,100,28,FAILURE,100,25.0,15.0,0
0.28,40,100,28,FAILURE,100,26.0,16.0,0
0.28,41,100,28,FAILURE,100,21.0,11.0,0
0.28,42,100,28,FAILURE,100,21.0,11.0,0
0.28,43,100,28,FAILURE,100,22.0,12.0,0
0.28,44,100,28,FAILURE,100,24.0,14.0,0
0.28,45,100,28,FAILURE,100,31.0,21.0,0
0.28,46,100,28,FAILURE,100,20.0,10.0,0
0.28,47,100,28,FAILURE,102,29.0,19.0,0
0.28,48,100,28,FAILURE,100,22.0,12.0,0
0.28,49,100,28,FAILURE,100,33.0,23.0,0
0.3,0,100,30,FAILURE,100,21.0,11.0,0
0.3,1,100,30,FAILURE,100,26.0,16.0,0
0.3,2,100,30,FAILURE,100,23.0,13.0,0
0.3,3,100,30,FAILURE,101,25.0,15.0,0
0.3,4,100,30,FAILURE,100,27.0,17.0,0
0.3,5,100,30,FAILURE,100,29.0,19.0,0
0.3,6,100,30,FAILURE,100,23.0,13.0,0
0.3,7,100,30,FAILURE,101,22.0,12.0,0
0.3,8,100,30,FAILURE,101,28.0,18.0,0
0.3,9,100,30,FAILURE,101,28.0,18.0,0
0.3,10,100,30,FAILURE,100,22.0,12.0,0
0.3,11,100,30,FAILURE,100,26.0,16.0,0
0.3,12,100,30,FAILURE,101,29.0,19.0,0
0.3,13,100,30,FAILURE,101,27.0,17.0,0
0.3,14,100,30,FAILURE,100,31.0,21.0,0
0.3,15,100,30,FAILURE,100,22.0,12.0,0
0.3,16,100,30,FAILURE,100,22.0,12.0,0
0.3,17,100,30,FAILURE,100,25.0,15.0,0
0.3,18,100,30,FAILURE,100,29.0,19.0,0
0.3,19,100,30,FAILURE,100,27.0,17.0,0
0.3,20,100,30,FAILURE,101,25.0,15.0,0
0.3,21,100,30,FAILURE,100,24.0,14.0,0
0.3,22,100,30,FAILURE,100,27.0,17.0,0
0.3,23,100,30,FAILURE,100,23.0,13.0,0
0.3,24,100,30,FAILURE,100,27.0,17.0,0
0.3,25,100,30,FAILURE,100,21.0,11.0,0
0.3,26,100,30,FAILURE,100,26.0,16.0,0
0.3,27,100,30,FAILURE,100,25.0,15.0,0
0.3,28,100,30,FAILURE,100,21.0,11.0,0
0.3,29,100,30,FAILURE,101,24.0,14.0,0
0.3,30,100,30,FAILURE,101,24.0,14.0,0
0.3,31,100,30,FAILURE,100,23.0,13.0,0
0.3,32,100,30,FAILURE,100,25.0,15.0,0
0.3,33,100,30,FAILURE,100,24.0,14.0,0
0.3,34,100,30,FAILURE,100,27.0,17.0,0
0.3,35,100,30,FAILURE,100,24.0,14.0,0
0.3,36,100,30,FAILURE,100,22.0,12.0,0
0.3,37,100,30,FAILURE,102,29.0,19.0,0
0.3,38,100,30,FAILURE,105,31.0,21.0,0
0.3,39,100,30,FAILURE,100,24.0,14.0,0
0.3,40,100,30,FAILURE,100,26.0,16.0,0
0.3,41,100,30,FAILURE,100,21.0,11.0,0
0.3,42,100,30,FAILURE,100,21.0,11.0,0
0.3,43,100,30,FAILURE,100,22.0,12.0,0
0.3,44,100,30,FAILURE,100,24.0,14.0,0
0.3,45,100,30,FAILURE,100,31.0,21.0,0
0.3,46,100,30,FAILURE,100,20.0,10.0,0
0.3,47,100,30,FAILURE,100,29.0,19.0,0
0.3,48,100,30,FAILURE,100,21.0,11.0,0
0.3,49,100,30,FAILURE,100,28.0,18.0,0
